movie_id,movie_cd,title,release_date,poster_image_url,kinolights_url,priority_reason
1673,TMDB-496243,기생충,2019-05-30,https://image.tmdb.org/t/p/w500/jjHccoFjbqlfr4VGLVLT7yek0Xn.jpg,,RECOMMENDED
415,20162365,신비한 동물사전,2016-11-16,https://image.tmdb.org/t/p/w500/1HHH1YR2UL5JLkrsbO6gfcg0gna.jpg,,RECOMMENDED
431,20167904,라라랜드,2016-12-01,https://image.tmdb.org/t/p/w500/ad9ndytwOckyShSc0A6tx1rZRkW.jpg,,RECOMMENDED
322,20136803,겨울왕국,2013-11-20,https://image.tmdb.org/t/p/w500/lYceQKe3EsYn7VdDXGTy7dSwBLp.jpg,,RECOMMENDED
354,20145141,위플래쉬,2014-10-10,https://image.tmdb.org/t/p/w500/oKNkhmyIBiDENivK6ELZxfBWa3q.jpg,,RECOMMENDED
328,20139221,그래비티,2013-10-03,https://image.tmdb.org/t/p/w500/u8ffl7CRAS12KA8eQEtkLuHg8Fm.jpg,,RECOMMENDED
583,20210087,듄,2021-09-15,https://image.tmdb.org/t/p/w500/7zV8FTYofAORGm0Umgh1mNNCym8.jpg,,RECOMMENDED
141,20081697,트와일라잇,2008-11-20,https://image.tmdb.org/t/p/w500/ryvt6cLTjHHH7Nnce3Xi5S3I533.jpg,,RECOMMENDED
43,20060264,악마는 프라다를 입는다,2006-06-29,https://image.tmdb.org/t/p/w500/lxjGbkRnY9d2j8cxIHxX57NNvRH.jpg,,RECOMMENDED
727,TMDB-1417,판의 미로: 오필리아와 세개의 열쇠,2006-10-11,https://image.tmdb.org/t/p/w500/dsaQY07ioldk1fpEqm394slWepM.jpg,,RECOMMENDED
774,TMDB-361743,탑건: 매버릭,2022-05-21,https://image.tmdb.org/t/p/w500/jeqXUwNilvNqNXqAHsdwm5pEfae.jpg,,RECOMMENDED
471,20179462,위대한 쇼맨,2017-12-20,https://image.tmdb.org/t/p/w500/h8qzZtSScJV1zIf6lVc4449Zgui.jpg,,RECOMMENDED
179,20090828,뉴 문,2009-11-18,https://image.tmdb.org/t/p/w500/q1zQIaDMBgLzpW8Hikzhau1InvI.jpg,,RECOMMENDED
295,20129790,아르고,2012-10-11,https://image.tmdb.org/t/p/w500/n9krGDgUlxm5Uh6pZTfTEEKgeTm.jpg,,RECOMMENDED
329,20139601,더 퍼지,2013-05-31,https://image.tmdb.org/t/p/w500/Qd2crPWDD55p1ygqC9dSxm14NA.jpg,,RECOMMENDED
412,20162025,씽,2016-11-23,https://image.tmdb.org/t/p/w500/kKDXw5uRCioD522P1skH49YLNAH.jpg,,RECOMMENDED
297,20132821,캡틴 필립스,2013-10-10,https://image.tmdb.org/t/p/w500/j1alZP36HCilZ8VN9FOFTUC5qUO.jpg,,RECOMMENDED
2,20030404,러브 액츄얼리,2003-09-07,https://image.tmdb.org/t/p/w500/tvaPe5kPoJCLn0xycctkHUaph7w.jpg,,RECOMMENDED
143,20081703,예스맨,2008-12-09,https://image.tmdb.org/t/p/w500/p9xAOBSFf8PPiD9qtYDiUATAWmt.jpg,,RECOMMENDED
374,20152871,스파이 브릿지,2015-10-15,https://image.tmdb.org/t/p/w500/eHBoCS5nnJd7lg7XVuHbiwJ2waD.jpg,,RECOMMENDED
119,20081169,맘마미아!,2008-07-03,https://image.tmdb.org/t/p/w500/9fnWov6Mb7LJKA2dJLV9h1mcSnF.jpg,,RECOMMENDED
390,20156007,인페르노,2016-10-13,https://image.tmdb.org/t/p/w500/tAdpfrbdll9WjDAS92vq1dx3pYn.jpg,,RECOMMENDED
449,20174622,해피 데스데이,2017-10-12,https://image.tmdb.org/t/p/w500/xXMLZQurZsS5WIhiMDJqA1K38WM.jpg,,RECOMMENDED
343,20142421,"러브, 로지",2014-10-16,https://image.tmdb.org/t/p/w500/pJmYm15nC0mHm5CAoD1WhOE1Jsi.jpg,,RECOMMENDED
514,20191589,말레피센트 2,2019-10-16,https://image.tmdb.org/t/p/w500/btpvGjqLBHgRnobKGlzbBD4jzmf.jpg,,RECOMMENDED
541,20198421,좀비랜드: 더블 탭,2019-10-09,https://image.tmdb.org/t/p/w500/5v4ft3ajnSFXYwlid3SY2jq58sT.jpg,,RECOMMENDED
259,20120421,살인소설,2012-03-29,https://image.tmdb.org/t/p/w500/qfalVE9wAjzybOkqeq3AMYBBnn0.jpg,,RECOMMENDED
734,TMDB-17578,틴틴: 유니콘호의 비밀,2011-10-24,https://image.tmdb.org/t/p/w500/lZnd4OO0ms773gqMGfAR0vkCr40.jpg,,RECOMMENDED
210,20101212,투어리스트,2010-12-08,https://image.tmdb.org/t/p/w500/cHM81kmcUOVZapUZSElJFJjZ9LB.jpg,,RECOMMENDED
232,20112311,머니볼,2011-09-23,https://image.tmdb.org/t/p/w500/tw3HY4u0k2kACQEyHWbFd88gsoY.jpg,,RECOMMENDED
366,20149910,보이후드,2014-06-05,https://image.tmdb.org/t/p/w500/8sF4DESzpmkS3ed2nrzjBcr3u86.jpg,,RECOMMENDED
27,20050290,로드 오브 워,2005-09-16,https://image.tmdb.org/t/p/w500/ufNGXVETZbRLa8JoK96muHTL8dE.jpg,,RECOMMENDED
393,20156570,크림슨 피크,2015-10-13,https://image.tmdb.org/t/p/w500/kJbWIB1HabrRlWHRUeZFXOs0eLd.jpg,,RECOMMENDED
529,20196763,고스트버스터즈 라이즈,2021-11-18,https://image.tmdb.org/t/p/w500/in2aUEUaFxBJZniu9qZh5P9s1Tw.jpg,,RECOMMENDED
467,20178825,모털 엔진,2018-11-27,https://image.tmdb.org/t/p/w500/dpnzsvHdEHorgF88jt68c3wLaj5.jpg,,RECOMMENDED
65,20060354,쏘우 3,2006-10-26,https://image.tmdb.org/t/p/w500/vnAek5l3lqrCvc0pvxI4IFqKXqL.jpg,,RECOMMENDED
169,20090681,크리스마스 캐롤,2009-11-04,https://image.tmdb.org/t/p/w500/cHfsKWd8UMIWQaTeFaKCGfmytkD.jpg,,RECOMMENDED
337,20140842,엑소더스: 신들과 왕들,2014-12-03,https://image.tmdb.org/t/p/w500/tkh2IPZ7jMNLotzFGjyHQBzdl7.jpg,,RECOMMENDED
100,20070562,앨빈과 슈퍼밴드,2007-12-13,https://image.tmdb.org/t/p/w500/cNNYVMshozcnaAehGBRKIvfePvo.jpg,,RECOMMENDED
1687,TMDB-508965,클라우스,2019-11-08,https://image.tmdb.org/t/p/w500/AdcGUXl16jIgq7NZVpfNqhFyaRQ.jpg,,RECOMMENDED
731,TMDB-7737,레지던트 이블 3: 인류의 멸망,2007-09-20,https://image.tmdb.org/t/p/w500/kjA2hGBtwy6tm922KXOF2HENE6W.jpg,,RECOMMENDED
479,20182082,부탁 하나만 들어줘,2018-09-13,https://image.tmdb.org/t/p/w500/r4cukAGg6pDcD6f9sHHEr6IL8jt.jpg,,RECOMMENDED
236,20112561,원 데이,2011-03-02,https://image.tmdb.org/t/p/w500/g43Ef6uvkOh0vt1JhN3ZfN362eL.jpg,,RECOMMENDED
347,20143422,숲속으로,2014-12-24,https://image.tmdb.org/t/p/w500/3LYnNHJnwVCkPyLhiDbMI9cEtrV.jpg,,RECOMMENDED
298,20132824,리딕,2013-09-02,https://image.tmdb.org/t/p/w500/8PhaOZrAKgQ0cU5TnN9z6s513Aj.jpg,,RECOMMENDED
353,20144683,하트 오브 더 씨,2015-12-03,https://image.tmdb.org/t/p/w500/6mmusaA02pIMXdfvuGZCPkmA9Op.jpg,,RECOMMENDED
1238,TMDB-829,차이나타운,1974-06-20,https://image.tmdb.org/t/p/w500/kZRSP3FmOcq0xnBulqpUQngJUXY.jpg,,RECOMMENDED
1668,TMDB-489999,서치,2018-08-24,https://image.tmdb.org/t/p/w500/3BJu5DQzK9w8PIeIXSAOCfcWKMu.jpg,,RECOMMENDED
104,20070593,쏘우 4,2007-10-25,https://image.tmdb.org/t/p/w500/jlUuGV4lAlXfEGZeVeSWIkExBWc.jpg,,RECOMMENDED
252,20113306,50/50,2011-09-30,https://image.tmdb.org/t/p/w500/hDI7t1XMYTibPq1VLDOc6tQR8PH.jpg,,RECOMMENDED
200,20101070,언스토퍼블,2010-11-04,https://image.tmdb.org/t/p/w500/dU3CWkF0G9ZQgYSOAqVHpJhUDNU.jpg,,RECOMMENDED
534,20197721,엔젤 해즈 폴른,2019-08-21,https://image.tmdb.org/t/p/w500/ymL9GQZ3k2vEPL5ih4JigxX82kt.jpg,,RECOMMENDED
1228,TMDB-793,블루 벨벳,1986-09-19,https://image.tmdb.org/t/p/w500/ad5xNQg53japfM6zHXinqPpOg25.jpg,,RECOMMENDED
590,20210663,라스트 나잇 인 소호,2021-10-21,https://image.tmdb.org/t/p/w500/nuhoHM54smXXLfBQGEuqXFilQyz.jpg,,RECOMMENDED
340,20142023,아더 우먼,2014-04-16,https://image.tmdb.org/t/p/w500/qmX580DVZr7MMokdMYQoz2tv6IY.jpg,,RECOMMENDED
87,20070498,히트맨,2007-11-21,https://image.tmdb.org/t/p/w500/yO3WuIPt78930bcQQcMbIdwajR5.jpg,,RECOMMENDED
486,20183073,베일리 어게인,2017-01-19,https://image.tmdb.org/t/p/w500/OuPWSMYqYZiX6dmgCosFBgWH1H.jpg,,RECOMMENDED
773,TMDB-687163,프로젝트 헤일메리,2026-03-15,https://image.tmdb.org/t/p/w500/qqGpVVZk2KD1lAvccgTU4Z6nh1H.jpg,,RECOMMENDED
300,20133701,하늘에서 음식이 내린다면 2,2013-09-26,https://image.tmdb.org/t/p/w500/wbCPYQCwgBpnS5ZSvV5UkFAE5fk.jpg,,RECOMMENDED
364,20149287,덤 앤 더머 투,2014-11-12,https://image.tmdb.org/t/p/w500/nnJSI0YsgtZg8vVH2OWwUjTTfDA.jpg,,RECOMMENDED
383,20155101,하늘을 걷는 남자,2015-09-30,https://image.tmdb.org/t/p/w500/cj6flWnFLk7va0Fhtf8CJanMCP0.jpg,,RECOMMENDED
547,20199428,크롤,2019-07-10,https://image.tmdb.org/t/p/w500/czXHObbH5xOXPUWBetFf0zDGp2X.jpg,,RECOMMENDED
192,20101011,쏘우 3D,2010-10-22,https://image.tmdb.org/t/p/w500/zpegyeSIcKXVnhiHTRKlZdEEKiV.jpg,,RECOMMENDED
445,20173693,어쌔신: 더 비기닝,2017-07-14,https://image.tmdb.org/t/p/w500/tNiO6Uhjl1iRsu64aNKXUhf8x75.jpg,,RECOMMENDED
242,20112707,타워 하이스트,2011-11-02,https://image.tmdb.org/t/p/w500/jVnG0wIq4QT5GMcoRxNrT3tn4Fo.jpg,,RECOMMENDED
477,20181905,후드,2018-11-03,https://image.tmdb.org/t/p/w500/6dM7btEP14R9pPgp80e8AGfsl5N.jpg,,RECOMMENDED
199,20101069,데블,2010-09-16,https://image.tmdb.org/t/p/w500/fadjY9SLDc4qYNOwbtMy9LieWxl.jpg,,RECOMMENDED
725,TMDB-533,월래스와 그로밋: 거대 토끼의 저주,2005-09-15,https://image.tmdb.org/t/p/w500/klkv3oo4wIZKKbqD90txI9K2s3N.jpg,,RECOMMENDED
533,20197336,허슬러,2019-09-12,https://image.tmdb.org/t/p/w500/2H0gjSVdKdk20mGoU8QMItcsygQ.jpg,,RECOMMENDED
219,20101378,쓰리 데이즈,2010-11-18,https://image.tmdb.org/t/p/w500/srkwiyraYc8vdZo7UD24nx77eUY.jpg,,RECOMMENDED
92,20070521,베오울프,2007-11-05,https://image.tmdb.org/t/p/w500/aYqx1tHJftRDS4sRKmOcm0qut2U.jpg,,RECOMMENDED
306,20134268,버틀러: 대통령의 집사,2013-08-16,https://image.tmdb.org/t/p/w500/fyPO6SY4hUJaz60yAenbfSJaNQa.jpg,,RECOMMENDED
696,20247693,위키드,2024-10-16,https://image.tmdb.org/t/p/w500/mCB6biaBEafLGbs1eTImqlOgZj9.jpg,,RECOMMENDED
388,20155563,어린왕자,2015-07-29,https://image.tmdb.org/t/p/w500/dQ9Uz6ZFCQJ32BXonkVu0UUgRDR.jpg,,RECOMMENDED
589,20210600,프렌치 디스패치,2021-10-21,https://image.tmdb.org/t/p/w500/6JSCkV0lIBUewhDRmirUN3Q41Ny.jpg,,RECOMMENDED
151,20090089,파르나서스 박사의 상상극장,2009-10-01,https://image.tmdb.org/t/p/w500/qJ5W95YVgbRHZoyqbmU4DMwXwab.jpg,,RECOMMENDED
1408,TMDB-25376,엘 시크레토: 비밀의 눈동자,2009-08-13,https://image.tmdb.org/t/p/w500/3YVLQAOhim7W9Zhnz5CrL4a3RBe.jpg,,RECOMMENDED
102,20070585,어거스트 러쉬,2007-11-21,https://image.tmdb.org/t/p/w500/A2LgbVmfaKo1T7gkbm6zWDeegBZ.jpg,,RECOMMENDED
228,20111987,신들의 전쟁,2011-11-10,https://image.tmdb.org/t/p/w500/jFq1T13X0CYsGVPUKQvhdcrmdAZ.jpg,,RECOMMENDED
165,20090664,시간 여행자의 아내,2009-08-14,https://image.tmdb.org/t/p/w500/cPyvkIay8BBvff2RWP14Ekh5OuD.jpg,,RECOMMENDED
531,20197278,라스트 크리스마스,2019-11-07,https://image.tmdb.org/t/p/w500/jDSM3PUhqMcxtYSJ7EuW2OKPeX.jpg,,RECOMMENDED
164,20090613,팬도럼,2009-09-08,https://image.tmdb.org/t/p/w500/3oGZXL2EAPUaG6ypYEcaMIsAbnV.jpg,,RECOMMENDED
196,20101015,파라노말 액티비티 2,2010-10-20,https://image.tmdb.org/t/p/w500/3FLzxk1hT5MNbKRaxW0iToLWUmL.jpg,,RECOMMENDED
411,20161843,위자: 저주의 시작,2016-10-20,https://image.tmdb.org/t/p/w500/qADOiMZ495Tb5EeGuTd7fcaHwln.jpg,,RECOMMENDED
106,20070635,헤어스프레이,2007-07-19,https://image.tmdb.org/t/p/w500/i5eAYyMmt0SR0wuOTidfX6NEbNR.jpg,,RECOMMENDED
472,20179942,러빙 빈센트,2017-06-22,https://image.tmdb.org/t/p/w500/nARhbiv3N2W0E0iAHpoqFSNJokz.jpg,,RECOMMENDED
34,20050319,저스트 라이크 헤븐,2005-09-16,https://image.tmdb.org/t/p/w500/5w4MBLPYQ3aCx6rlBymIQM9G75q.jpg,,RECOMMENDED
1178,TMDB-548,라쇼몽,1950-08-26,https://image.tmdb.org/t/p/w500/gpYADlpkoFTChBLjIrZU7hxDKz1.jpg,,RECOMMENDED
532,20197279,아담스 패밀리,2019-10-10,https://image.tmdb.org/t/p/w500/fykFaD4flUkSHZsWACnjg9Uw6eR.jpg,,RECOMMENDED
187,20101006,가디언의 전설,2010-07-10,https://image.tmdb.org/t/p/w500/k6lq6wPcOiWF8XWTw3z65i778e1.jpg,,RECOMMENDED
81,20070450,엠,1931-05-11,https://image.tmdb.org/t/p/w500/6PkylZ6qGJaBOMUQhXOnjeJNeJH.jpg,,RECOMMENDED
137,20081673,오스트레일리아,2008-11-18,https://image.tmdb.org/t/p/w500/8m41vtGDruxVJ8CWtEjxlXBJdQk.jpg,,RECOMMENDED
35,20050320,둠,2005-10-20,https://image.tmdb.org/t/p/w500/dJo9dGTmKlP04vZSYgl3gcnbYNb.jpg,,RECOMMENDED
301,20133760,세이프 헤이븐,2013-02-07,https://image.tmdb.org/t/p/w500/x9KxBpYHSKBzqM6qUQh96loECgT.jpg,,RECOMMENDED
743,TMDB-55301,앨빈과 슈퍼밴드 3,2011-12-14,https://image.tmdb.org/t/p/w500/vZrJ9LEJO4VeLJDJCI2OKhZbZzE.jpg,,RECOMMENDED
668,20235698,쏘우 X,2023-09-27,https://image.tmdb.org/t/p/w500/bvwEkotIuHxjuSCEXhhSna0BqQT.jpg,,RECOMMENDED
475,20181404,벽 속에 숨은 마법시계,2018-09-15,https://image.tmdb.org/t/p/w500/mVmg4fYyU4fZLAGdWp3VSOoCQ7G.jpg,,RECOMMENDED
624,20227304,오펀: 천사의 탄생,2022-07-27,https://image.tmdb.org/t/p/w500/vKIhsEVEtLTwTkmLSDNi230Zr3Q.jpg,,RECOMMENDED
508,20190545,카운트다운,2019-10-24,https://image.tmdb.org/t/p/w500/fVtb7iJYrwtLBYomrFBu3tZS3xa.jpg,,RECOMMENDED
599,20211313,"틱, 틱... 붐!",2021-11-11,https://image.tmdb.org/t/p/w500/1Q8Dg67r1udbtWOV2pd3ic7zvH4.jpg,,RECOMMENDED
627,20227751,가재가 노래하는 곳,2022-07-14,https://image.tmdb.org/t/p/w500/8wIKnUgj6Sa7j84FJMhDZjeFdNy.jpg,,RECOMMENDED
135,20081623,맥스 페인,2008-10-15,https://image.tmdb.org/t/p/w500/fN9b2pAw6SK7o1u8LxMVXRYVyd8.jpg,,RECOMMENDED
502,20189843,호두까기 인형과 4개의 왕국,2018-10-26,https://image.tmdb.org/t/p/w500/gkVAZxznqFfJGq5MMwq8jkWuIRu.jpg,,RECOMMENDED
207,20101170,렛 미 인,2010-10-01,https://image.tmdb.org/t/p/w500/o1EGKeqsZChE95rdzWfxrBCAsQr.jpg,,RECOMMENDED
961,20191408,21 브릿지: 테러 셧다운,2019-10-24,https://image.tmdb.org/t/p/w500/nXoIRpt5NxGzX2L65wpzeaC1QVL.jpg,,RECOMMENDED
344,20142481,왓 이프,2013-09-07,https://image.tmdb.org/t/p/w500/ggumAdUOZ9sn20C1fSOmhzAzwR5.jpg,,RECOMMENDED
404,20161162,블레어 위치,2016-09-15,https://image.tmdb.org/t/p/w500/qTipqb8BTund3RyWUwTT2AqIyge.jpg,,RECOMMENDED
203,20101118,스위치,2010-08-20,https://image.tmdb.org/t/p/w500/jwk51A1ciuP5DBZBeo8CgQ9pHDz.jpg,,RECOMMENDED
558,20200883,미드나이트 스카이,2020-12-10,https://image.tmdb.org/t/p/w500/xU96eiYX9FQvh5jfUBHKex5Wail.jpg,,RECOMMENDED
593,20210865,고장난 론,2021-10-14,https://image.tmdb.org/t/p/w500/ljYdrF1faaWbzcrZuQ6BTqfVHcS.jpg,,RECOMMENDED
299,20133152,카운슬러,2013-10-25,https://image.tmdb.org/t/p/w500/n85HajbC2lBFS429OAT4RiDO2gL.jpg,,RECOMMENDED
88,20070499,마이클 클레이튼,2007-09-28,https://image.tmdb.org/t/p/w500/h77VesJ3Im8zMT3CvSI5uaEyUFB.jpg,,RECOMMENDED
562,20201123,프리키 데스데이,2020-11-12,https://image.tmdb.org/t/p/w500/1qy7rSE4rF8ERdl6quTLrbCX9Sl.jpg,,RECOMMENDED
319,20136308,비행기,2013-08-09,https://image.tmdb.org/t/p/w500/95OXylJYDDhvhWBl8VWnLPXmbu2.jpg,,RECOMMENDED
85,20070494,킹덤,2007-08-22,https://image.tmdb.org/t/p/w500/8CSiRnMRLuKT58JiOGzQ7p1oa1b.jpg,,RECOMMENDED
253,20113307,블리츠,2011-05-20,https://image.tmdb.org/t/p/w500/2LfplB2uUwvH8RfTcX067DcMDVn.jpg,,RECOMMENDED
341,20142301,박스트롤,2014-09-10,https://image.tmdb.org/t/p/w500/12a5sNGDs4QA9I4bXFNJZuerjCB.jpg,,RECOMMENDED
368,20150752,스누피: 더 피너츠 무비,2015-11-05,https://image.tmdb.org/t/p/w500/7sLsRYxMLmTz0c7VDe98YerS0ds.jpg,,RECOMMENDED
69,20060364,저스트 프렌드,2005-11-23,https://image.tmdb.org/t/p/w500/lzP281G5O6TRQiqThQVwAZpx2I7.jpg,,RECOMMENDED
1003,20219770,캔디맨,2021-08-25,https://image.tmdb.org/t/p/w500/dvV781x0yNiKS7Bs8EPWQvjukE3.jpg,,RECOMMENDED
499,20186822,너의 췌장을 먹고 싶어,2018-09-01,https://image.tmdb.org/t/p/w500/g1ucSvfDnV3HEVt8x7YeZ0fAIs2.jpg,,RECOMMENDED
204,20101133,스카이라인,2010-11-11,https://image.tmdb.org/t/p/w500/pHAGBjX2Ev9buKM20FZIDZyATR2.jpg,,RECOMMENDED
1421,TMDB-30018,마더,2009-05-28,https://image.tmdb.org/t/p/w500/lhxVHEkaOH51oazowpdCHJNLIBE.jpg,,RECOMMENDED
249,20112972,아더 크리스마스,2011-11-10,https://image.tmdb.org/t/p/w500/i9a6rrgzYjStVgGi1RMFOQ77Ito.jpg,,RECOMMENDED
51,20060311,어느 멋진 순간,2006-09-09,https://image.tmdb.org/t/p/w500/57KcdJru92s3eLAxcqLBK4kQVdg.jpg,,RECOMMENDED
397,20157175,괴물의 아이,2015-07-11,https://image.tmdb.org/t/p/w500/knZlJ5kC1nUdRCwhE1l5IYtVHTF.jpg,,RECOMMENDED
481,20182669,툴리,2018-05-04,https://image.tmdb.org/t/p/w500/uF0zUz3ii163wQzfGbr9Y3k2Xqx.jpg,,RECOMMENDED
484,20183007,거미줄에 걸린 소녀,2018-10-25,https://image.tmdb.org/t/p/w500/oZadgNpFY3a4DlKskxKylImXxUH.jpg,,RECOMMENDED
611,20218415,드라이브 마이 카,2021-08-18,https://image.tmdb.org/t/p/w500/orsuYI7Fiynj6wcwh95t2dZyi4l.jpg,,RECOMMENDED
631,20228190,스트레인지 월드,2022-11-23,https://image.tmdb.org/t/p/w500/7KT8E7CpEwxQUay5nROpY6mCK8F.jpg,,RECOMMENDED
594,20210937,아담스 패밀리 2,2021-10-01,https://image.tmdb.org/t/p/w500/oF80bdLeRri6PFm0yAT0gRNQoDG.jpg,,RECOMMENDED
732,TMDB-8338,눈먼 자들의 도시,2008-05-14,https://image.tmdb.org/t/p/w500/n9iEcIYbzB8yyLsYScjSG5fYR9j.jpg,,RECOMMENDED
444,20173581,기억의 밤,2017-11-29,https://image.tmdb.org/t/p/w500/pXHLaA2dvIfJ3NbslufKqvS48dt.jpg,,RECOMMENDED
103,20070586,마고리엄의 장난감 백화점,2007-11-16,https://image.tmdb.org/t/p/w500/jG1diT6Qul8ygK7AhROlczhShTN.jpg,,RECOMMENDED
99,20070555,골든 에이지,2007-09-09,https://image.tmdb.org/t/p/w500/5kYTLeiHkvE4KAzjaDrkmPKCVYE.jpg,,RECOMMENDED
504,20190142,굿 라이어,2019-11-08,https://image.tmdb.org/t/p/w500/bU7TbYVALiFAQXnhU7xg1WN6464.jpg,,RECOMMENDED
107,20070636,데스 센텐스,2007-08-31,https://image.tmdb.org/t/p/w500/alipraXIKcCDIWL422RYVbSU3d5.jpg,,RECOMMENDED
26,20050289,엘리자베스타운,2005-10-14,https://image.tmdb.org/t/p/w500/oDnFJPznZIy77qF3vosVhJjo8j4.jpg,,RECOMMENDED
40,20050331,"우리, 사랑해도 되나요?",2005-12-15,https://image.tmdb.org/t/p/w500/5A51jvkYrqyOJ6lyV972PrWTPPi.jpg,,RECOMMENDED
50,20060310,그루지 2,2006-10-12,https://image.tmdb.org/t/p/w500/iBqnPMSPBYaCm9WYo094yphckML.jpg,,RECOMMENDED
206,20101140,라스트 엑소시즘,2010-08-27,https://image.tmdb.org/t/p/w500/lLlm1cYq640dSsIzUf3mjTsWak6.jpg,,RECOMMENDED
521,20192721,캣츠,2019-12-19,https://image.tmdb.org/t/p/w500/pH79pAuKTVLLnptl4ak5v9VnDBs.jpg,,RECOMMENDED
719,20258621,척의 일생,2025-06-05,https://image.tmdb.org/t/p/w500/pZSZVQH5mlm1EmF3x5O2o14GfTZ.jpg,,RECOMMENDED
175,20090811,에반게리온: 파,2009-06-26,https://image.tmdb.org/t/p/w500/dbKtCH5Z8Ocq7vA1oQOfMVGwbBJ.jpg,,RECOMMENDED
1736,TMDB-575604,콜,2020-11-23,https://image.tmdb.org/t/p/w500/HKr6HSGZyZBcI38rR1NjwsIcc0.jpg,,RECOMMENDED
707,20255381,위키드: 포 굿,2025-11-19,https://image.tmdb.org/t/p/w500/t6yyCHES6nGJUeFfTt6zfzIUBjX.jpg,,RECOMMENDED
975,20197691,잃어버린 세계를 찾아서,2019-04-04,https://image.tmdb.org/t/p/w500/yzvZNEVjmYINTvUF0l3Mp6JhMv4.jpg,,RECOMMENDED
577,20208961,마리 퀴리,2020-03-11,https://image.tmdb.org/t/p/w500/sZetjIZ1P4YhaBB93ZSE4Tp7xbH.jpg,,RECOMMENDED
579,20209538,썸머 85,2020-07-14,https://image.tmdb.org/t/p/w500/jpRyumcvnrfprYNOSVCnZFuimG0.jpg,,RECOMMENDED
448,20174585,메리와 마녀의 꽃,2017-07-08,https://image.tmdb.org/t/p/w500/ijeEYI3zIWSsoLAVHYBlIqqFvGm.jpg,,RECOMMENDED
548,20199576,러브 앳,2019-01-18,https://image.tmdb.org/t/p/w500/6wCCpvdgjVU0Rpo1ar8VyshYc09.jpg,,RECOMMENDED
36,20050322,프라임 러브,2005-09-21,https://image.tmdb.org/t/p/w500/dc0mzQuA2FUcbgqjbko4xm67T0e.jpg,,RECOMMENDED
307,20134582,소원,2013-10-02,https://image.tmdb.org/t/p/w500/PZlNvDwKwHeHUsXnd6SEDXWZNn.jpg,,RECOMMENDED
49,20060301,데스노트,2006-06-17,https://image.tmdb.org/t/p/w500/e7779G46To8KGIQyARGp49MBDU6.jpg,,RECOMMENDED
959,20189462,셜록 놈즈,2018-03-15,https://image.tmdb.org/t/p/w500/8klIgVB3zmfic13enox7OP7pgMd.jpg,,RECOMMENDED
588,20210587,아네트,2021-07-07,https://image.tmdb.org/t/p/w500/1m1ZGxB1ZWUUPTe4iCJgdpqpzOq.jpg,,RECOMMENDED
218,20101348,새미의 어드벤쳐,2010-08-04,https://image.tmdb.org/t/p/w500/7qDFevmDaLyzzAoIjnA3n0DzqBN.jpg,,RECOMMENDED
757,TMDB-436931,극장판 포켓몬스터: 너로 정했다!,2017-07-15,https://image.tmdb.org/t/p/w500/eCZbgH40UWa239xlUFr2kxEUDzX.jpg,,RECOMMENDED
195,20101014,워리어스 웨이,2010-12-01,https://image.tmdb.org/t/p/w500/nMrGWg4hXQga42P4YmVPbUnjmoT.jpg,,RECOMMENDED
3,20040695,이프 온리,2004-01-23,https://image.tmdb.org/t/p/w500/mdP2jfx5ai3DoCFWQi5mqBWuxAy.jpg,,RECOMMENDED
517,20192206,백두산,2019-12-19,https://image.tmdb.org/t/p/w500/1n5q3XpEhCe7TnGHzsHs5pwVT8O.jpg,,RECOMMENDED
458,20176022,더 크리스마스,2017-11-15,https://image.tmdb.org/t/p/w500/81prAI1Uik7amtIBQkTcAvua4w3.jpg,,RECOMMENDED
66,20060356,싸이보그지만 괜찮아,2006-12-07,https://image.tmdb.org/t/p/w500/vcNdtkQjZ91EtZyuacA27zxD29J.jpg,,RECOMMENDED
771,TMDB-1314481,악마는 프라다를 입는다 2,2026-04-29,https://image.tmdb.org/t/p/w500/28A1VUDML1RzENYNtIU1WkBLT9V.jpg,,RECOMMENDED
213,20101222,황해,2010-12-22,https://image.tmdb.org/t/p/w500/nuZvoEcYkIIQLMIMbQ72dmlyDJD.jpg,,RECOMMENDED
985,20206062,극장판 포켓몬스터: 뮤츠의 역습 EVOLUTION,2019-07-12,https://image.tmdb.org/t/p/w500/yMzKELtMGOqHE9Wotk5BlJZ03vX.jpg,,RECOMMENDED
1872,TMDB-849869,길복순,2023-02-18,https://image.tmdb.org/t/p/w500/eDXV9K4vBRULyCNYDVjeOBNZq3E.jpg,,RECOMMENDED
416,20162382,원피스 필름 골드,2016-07-23,https://image.tmdb.org/t/p/w500/reeQrajJNioLPJvpFnZZu5jft1n.jpg,,RECOMMENDED
580,20209650,택스 콜렉터,2020-08-07,https://image.tmdb.org/t/p/w500/yhhJPePGHGtJ6LBVKCyfJg5EBnA.jpg,,RECOMMENDED
352,20144641,판도라,2016-12-07,https://image.tmdb.org/t/p/w500/a1OakqMoPYvSCBFPc6F8nhI2qu.jpg,,RECOMMENDED
1455,TMDB-59421,김복남 살인사건의 전말,2010-08-19,https://image.tmdb.org/t/p/w500/5uotiDq2h6r7Rsu14j5O23EENfa.jpg,,RECOMMENDED
620,20226558,아인보: 아마존의 전설,2021-02-09,https://image.tmdb.org/t/p/w500/1xGd3BYMIAcEcBvJfyItuogWVPW.jpg,,RECOMMENDED
746,TMDB-94047,마이웨이,2011-12-21,https://image.tmdb.org/t/p/w500/iMtEu7346RUV26OMwoqOPHrKERe.jpg,,RECOMMENDED
546,20198818,프린스 코기,2019-02-13,https://image.tmdb.org/t/p/w500/1sPezQgxo2bpfb03yFKmQsThNIF.jpg,,RECOMMENDED
1894,TMDB-938008,더 킬러: 죽어도 되는 아이,2022-07-13,https://image.tmdb.org/t/p/w500/qPXGKOEQ1NSrmH6s7qFFF3qC9O6.jpg,,RECOMMENDED
1835,TMDB-740441,스마트폰을 떨어뜨렸을 뿐인데,2023-02-17,https://image.tmdb.org/t/p/w500/nAK839maBC4QdWSymeUXYXIGZ49.jpg,,RECOMMENDED
1618,TMDB-432836,살인자의 기억법,2017-09-07,https://image.tmdb.org/t/p/w500/eyP0BWOCtD1RPwD92Agr9jxz8fX.jpg,,RECOMMENDED
304,20134206,썬더와 마법저택,2013-12-24,https://image.tmdb.org/t/p/w500/66HupZEQxP3NthlweARgmVWxmLD.jpg,,RECOMMENDED
459,20176082,몬스터 패밀리,2017-08-24,https://image.tmdb.org/t/p/w500/z14ruHftC9MuVWwkVO4VSorFNoq.jpg,,RECOMMENDED
73,20060387,미녀는 괴로워,2006-12-14,https://image.tmdb.org/t/p/w500/hXadaSx1LpT7Hv5dkGWD0SX7z7R.jpg,,RECOMMENDED
564,20202128,100% 울프: 푸들이 될 순 없어,2020-06-26,https://image.tmdb.org/t/p/w500/8S4kyQTZfQ6lMCC4HrxlyfIsI0q.jpg,,RECOMMENDED
273,20124075,내가 살인범이다,2012-11-08,https://image.tmdb.org/t/p/w500/5s6B5o36cUSmmpc8UWseJ9zaQye.jpg,,RECOMMENDED
566,20202366,800,2020-08-14,https://image.tmdb.org/t/p/w500/xowEiBaVv0Z7Zn0DdakEWb7LZsE.jpg,,RECOMMENDED
269,20124039,타워,2012-12-25,https://image.tmdb.org/t/p/w500/3CgvLrylM3RmjRmZXyb6B4AXtj2.jpg,,RECOMMENDED
237,20112589,오직 그대만,2011-10-20,https://image.tmdb.org/t/p/w500/zqw49pO0FndPZL5LVkq85JCNIVH.jpg,,RECOMMENDED
377,20153702,포켓몬 더 무비 XY 후파: 광륜의 초마신,2015-07-18,https://image.tmdb.org/t/p/w500/mB98vcshgU7bGPGb5oJqf0Gz5Xz.jpg,,RECOMMENDED
270,20124054,늑대소년,2012-10-31,https://image.tmdb.org/t/p/w500/4aQ3yPJCNILHR9SrtBjMmCvn3nG.jpg,,RECOMMENDED
585,20210262,세버그,2019-12-13,https://image.tmdb.org/t/p/w500/xT4Kste1sIIT1JNobIWooDrMCLv.jpg,,RECOMMENDED
1016,2022B512,명탐정 코난: 시한장치의 마천루,1997-04-19,https://image.tmdb.org/t/p/w500/ND2vNSrxd3BiiaxYDyqQ9IiZxO.jpg,,RECOMMENDED
586,20210301,귀멸의 칼날: 남매의 연,2019-03-29,https://image.tmdb.org/t/p/w500/3vlBg3kTsHioTy7owIDXFHNXBNk.jpg,,RECOMMENDED
217,20101227,톨스토이의 마지막 인생,2009-09-04,https://image.tmdb.org/t/p/w500/3FXxWNEJapXnvLnyE4l4lytL8LN.jpg,,RECOMMENDED
596,20211261,귀멸의 칼날: 나타구모산 편,2021-11-17,https://image.tmdb.org/t/p/w500/aqETn2Pxs48x4TGZ2s5YKZSEBpX.jpg,,RECOMMENDED
488,20183375,극장판 포켓몬스터: 모두의 이야기,2018-07-13,https://image.tmdb.org/t/p/w500/kFbN0FmDQGTt5q6HW3t7p1Yv8a3.jpg,,RECOMMENDED
452,20174981,창궐,2018-10-25,https://image.tmdb.org/t/p/w500/8O6pXiKCBjYWN7BSReOQDPLF0Ty.jpg,,RECOMMENDED
563,20201174,언플랜드,2019-03-21,https://image.tmdb.org/t/p/w500/cKQxmZsXAvQDBJFIPVoKbSOTBaR.jpg,,RECOMMENDED
311,20134803,변호인,2013-12-18,https://image.tmdb.org/t/p/w500/5tm4Rv24NYdGpuWzA6aF5h1qm0E.jpg,,RECOMMENDED
636,20228357,극장판 소드 아트 온라인 -프로그레시브- 짙은 어둠의 스케르초,2022-10-22,https://image.tmdb.org/t/p/w500/x4GKxLGwfORUnmZSqKJ3phST9nz.jpg,,RECOMMENDED
641,20228655,스페이스 키드: 우주에서 살아남기,2019-04-03,https://image.tmdb.org/t/p/w500/j5m0YYtXeUHEYMgWIhkyLs1Hh4m.jpg,,RECOMMENDED
436,20170402,강철비,2017-12-14,https://image.tmdb.org/t/p/w500/pC3Mcz2TPuXIkTrd8bolUgBm9GV.jpg,,RECOMMENDED
256,20113381,오싹한 연애,2011-12-01,https://image.tmdb.org/t/p/w500/82oKzNzDyLKGPwfvOXQ401NRS6e.jpg,,RECOMMENDED
1719,TMDB-556509,사바하,2019-02-20,https://image.tmdb.org/t/p/w500/9NvqPjMwjQ2hGwSEXcZ1VZ4mqVS.jpg,,RECOMMENDED
1446,TMDB-50475,용서는 없다,2010-01-07,https://image.tmdb.org/t/p/w500/sago4xY1hAZunsJlnlg656ZMXaW.jpg,,RECOMMENDED
280,20124938,용의자,2013-12-24,https://image.tmdb.org/t/p/w500/mDGQPbOBWMAFe0vAcXxo0mnMC14.jpg,,RECOMMENDED
983,20204117,모가디슈,2021-07-28,https://image.tmdb.org/t/p/w500/oeu5TgAd0MrHplBIvCFpt9AIEBm.jpg,,RECOMMENDED
755,TMDB-382190,포켓몬 더 무비 XY&Z  「볼케니온: 기계왕국의 비밀」,2016-07-16,https://image.tmdb.org/t/p/w500/eCWIz2WaVFyOiSJSKIU9GtjRxGR.jpg,,RECOMMENDED
494,20184481,성난황소,2018-11-22,https://image.tmdb.org/t/p/w500/xiVHlQ4aUyeQQFngyGEounzcYlX.jpg,,RECOMMENDED
1947,TMDB-1210938,계시록,2025-03-20,https://image.tmdb.org/t/p/w500/nLVJ5MtxmJQDdFrsoXo2MAeX7kQ.jpg,,RECOMMENDED
1069,20261906,명탐정 코난: 세기말의 마술사,1999-04-17,https://image.tmdb.org/t/p/w500/mGBjQkACdChVakczn92CfaqWQJH.jpg,,RECOMMENDED
569,20203842,페이트 스테이 나이트 헤븐즈필 제3장 스프링 송,2020-08-15,https://image.tmdb.org/t/p/w500/eKPSnszx2OvEVlJSwk2Zsjc6Ir0.jpg,,RECOMMENDED
574,20206710,파티마의 기적,2020-08-13,https://image.tmdb.org/t/p/w500/1GtwuxXyjEf37tC5dLDLDRUgIfw.jpg,,RECOMMENDED
129,20081485,플라이 미 투 더 문,2008-08-15,https://image.tmdb.org/t/p/w500/a9yftmFrhGGRaY5PoVpJgy82nqX.jpg,,RECOMMENDED
750,TMDB-150213,극장판 포켓몬스터 베스트위시: 큐레무 VS 성검사 케르디오,2012-07-13,https://image.tmdb.org/t/p/w500/zRO7FtHCqVL8grVk5rL59KNsmBx.jpg,,RECOMMENDED
382,20154905,가려진 시간,2016-11-10,https://image.tmdb.org/t/p/w500/exZ5ZdhaRGWA34tK8KyeMvr8k6o.jpg,,RECOMMENDED
439,20170590,1987,2017-12-27,https://image.tmdb.org/t/p/w500/mO55nkEFrI2EVdjxx0asaOGtHfa.jpg,,RECOMMENDED
469,20179230,도어락,2018-12-05,https://image.tmdb.org/t/p/w500/AbQGbP8QsUse2LuEh0zkWwU14Pq.jpg,,RECOMMENDED
127,20081446,화피,2008-09-25,https://image.tmdb.org/t/p/w500/1o48krXFCgworrlE9136vos1Vzu.jpg,,RECOMMENDED
568,20203702,노량: 죽음의 바다,2023-12-20,https://image.tmdb.org/t/p/w500/WqgLrAbPnEfgn7WP7J2IvL1Z9V.jpg,,RECOMMENDED
144,20081716,쌍화점,2008-12-30,https://image.tmdb.org/t/p/w500/vu9PrY7MEmDInys0w92cYCDI8XJ.jpg,,RECOMMENDED
1755,TMDB-604360,제8일의 밤,2021-07-02,https://image.tmdb.org/t/p/w500/a11TdGOWqASvbeMs7q0a1YLa5K.jpg,,RECOMMENDED
148,20081738,니코,2008-09-22,https://image.tmdb.org/t/p/w500/kJVXFL9Sz7tsgaccsT1OJesq2ui.jpg,,RECOMMENDED
520,20192589,빅 위시,2019-10-24,https://image.tmdb.org/t/p/w500/xUKINsaWctbPkefIs6L00DfYuKB.jpg,,RECOMMENDED
605,20212866,서울의 봄,2023-11-22,https://image.tmdb.org/t/p/w500/ukVVnY9ovwl78WE5KndcpA6SnAm.jpg,,RECOMMENDED
150,20090077,전우치,2009-12-23,https://image.tmdb.org/t/p/w500/48QvXMsVeNlEEL55jUixVnX09KS.jpg,,RECOMMENDED
365,20149314,내부자들,2015-11-19,https://image.tmdb.org/t/p/w500/zlFp1a9HXpbyDBaNoS1euprLbLs.jpg,,RECOMMENDED
660,20234957,스노우 폭스: 썰매개가 될 거야!,2019-11-01,https://image.tmdb.org/t/p/w500/flo6Ot9yJsOXj8tUuu8IqunbnKa.jpg,,RECOMMENDED
288,20127595,동창생,2013-11-05,https://image.tmdb.org/t/p/w500/ToZGJadpR5wQjy1rpuzgNZqYmw.jpg,,RECOMMENDED
324,20137048,국제시장,2014-12-17,https://image.tmdb.org/t/p/w500/rmZ4qkpDVdTgjwliJ84aJ43hStt.jpg,,RECOMMENDED
356,20145503,검은 사제들,2015-11-05,https://image.tmdb.org/t/p/w500/3zYZ5hZUNHwgObdqbDYlS8l24FE.jpg,,RECOMMENDED
630,20227979,보통의 가족,2024-10-16,https://image.tmdb.org/t/p/w500/chuNOF8p6Y1mJ0McFKa17ojXAsL.jpg,,RECOMMENDED
247,20112822,청원,2010-11-16,https://image.tmdb.org/t/p/w500/vVswmEz7IMOdI8BQSv2Kiqi1i0S.jpg,,RECOMMENDED
381,20154661,형,2016-11-24,https://image.tmdb.org/t/p/w500/3cumlfgwUWdbxke9s19bqWEDYcs.jpg,,RECOMMENDED
614,20224517,용감한 시민,2023-10-25,https://image.tmdb.org/t/p/w500/oVJDtwC41sGx5zmWiEkhqwBlopD.jpg,,RECOMMENDED
440,20170658,PMC: 더 벙커,2018-12-26,https://image.tmdb.org/t/p/w500/wFT385EamvefX5pbE54ol5i01AA.jpg,,RECOMMENDED
214,20101223,헬로우 고스트,2010-12-23,https://image.tmdb.org/t/p/w500/q1BhsAuwL21Ad3fC2HaSRc06JWI.jpg,,RECOMMENDED
511,20191029,82년생 김지영,2019-10-23,https://image.tmdb.org/t/p/w500/ygVOfJil1E7Wx4QbzOWjwcH67az.jpg,,RECOMMENDED
185,20100213,부당거래,2010-10-28,https://image.tmdb.org/t/p/w500/bcnPMgLfZr5d4VvfG1RYGMtBH9M.jpg,,RECOMMENDED
346,20143344,눈의 여왕 2: 트롤의 마법거울,2014-12-12,https://image.tmdb.org/t/p/w500/7CP2yhTtLRKpfs3PdJvwK5eHzeE.jpg,,RECOMMENDED
134,20081618,커넥트,2008-09-25,https://image.tmdb.org/t/p/w500/lyasBZlknc8iaaoNS0d0LemAigR.jpg,,RECOMMENDED
408,20161725,마스터,2016-12-21,https://image.tmdb.org/t/p/w500/ebJHlPpLKi4giADhtLhYoV3hV6Q.jpg,,RECOMMENDED
314,20135427,세이빙 산타,2013-11-05,https://image.tmdb.org/t/p/w500/z6hk95XvKUEsDDX3OWV6KcD51s2.jpg,,RECOMMENDED
441,20171024,너의 췌장을 먹고 싶어,2017-07-28,https://image.tmdb.org/t/p/w500/3MqdEaRdYfkfJMFzXWlIf7HYAxk.jpg,,RECOMMENDED
429,20165748,꾼,2017-11-22,https://image.tmdb.org/t/p/w500/3mVvBLw9aAZPyNaEIY9YCVFrYP4.jpg,,RECOMMENDED
438,20170513,동네사람들,2018-11-07,https://image.tmdb.org/t/p/w500/fL5OHCA7jXhvq4MOJAdVpJJzBF4.jpg,,RECOMMENDED
544,20198461,리멤버,2022-10-26,https://image.tmdb.org/t/p/w500/1MIa1d1jhSqp3s587oruFv3UiSP.jpg,,RECOMMENDED
44,20060277,타짜,2006-09-28,https://image.tmdb.org/t/p/w500/o1a5FULQTObsNbcgjapJtunpFzV.jpg,,RECOMMENDED
409,20161762,반드시 잡는다,2017-11-29,https://image.tmdb.org/t/p/w500/aywBkTRG36hsYwiLUSNTxY8vShy.jpg,,RECOMMENDED
363,20149265,기술자들,2014-12-24,https://image.tmdb.org/t/p/w500/tcGkh7ot6qfj99i9VdiJSzymkmI.jpg,,RECOMMENDED
350,20143602,일곱 난쟁이,2014-09-24,https://image.tmdb.org/t/p/w500/93j6mhpHSVnHNjUoUVc5txEz5P0.jpg,,RECOMMENDED
276,20124399,반창꼬,2012-12-19,https://image.tmdb.org/t/p/w500/vWfHD0ddfGsV6sv5QnGKY01OZJ.jpg,,RECOMMENDED
79,20070434,바르게 살자,2007-08-18,https://image.tmdb.org/t/p/w500/wmf3ehKxSqBJ14GUh4tLU9yjvqe.jpg,,RECOMMENDED
526,20196264,유체이탈자,2021-10-17,https://image.tmdb.org/t/p/w500/jsJluzrVEkQBYYkTNj3FQJ0LkAM.jpg,,RECOMMENDED
457,20175547,스윙키즈,2018-12-19,https://image.tmdb.org/t/p/w500/yjG6G1Mn9M2ZoAW9oAav7ZxCyW8.jpg,,RECOMMENDED
649,20233178,블루 자이언트,2023-02-17,https://image.tmdb.org/t/p/w500/5ntHgYKnv70nHOPaqsW4ozKRKY8.jpg,,RECOMMENDED
191,20101010,초능력자,2010-11-10,https://image.tmdb.org/t/p/w500/yXnGO8s2aWyYenZVMbuco1W5cQk.jpg,,RECOMMENDED
643,20228819,30일,2023-10-03,https://image.tmdb.org/t/p/w500/9HYAkujh1UAKXByIF6LB4D3KsgA.jpg,,RECOMMENDED
426,20164388,스노우타임,2015-11-12,https://image.tmdb.org/t/p/w500/xAPoXZedby5EYyNBP2hgKTYYIlq.jpg,,RECOMMENDED
262,20120942,밀림의 왕자 레오 2,1997-08-01,https://image.tmdb.org/t/p/w500/8FKnaI4fVgbSdjlqXenaxXNn1vO.jpg,,RECOMMENDED
149,20088506,26년,2012-11-29,https://image.tmdb.org/t/p/w500/ljo7aXcGIdYZm90MppokHKreYTT.jpg,,RECOMMENDED
540,20198414,시동,2019-12-18,https://image.tmdb.org/t/p/w500/mEvrvob06K2ceqn3AvWfYiSWulh.jpg,,RECOMMENDED
271,20124057,용의자X,2012-10-18,https://image.tmdb.org/t/p/w500/xioEsadWyXEN6RDcAFCaIe71bIw.jpg,,RECOMMENDED
549,20199816,담보,2020-09-29,https://image.tmdb.org/t/p/w500/b6clzuYNbizWFUtcpLBsp00zXNe.jpg,,RECOMMENDED
555,20200474,기적,2021-09-15,https://image.tmdb.org/t/p/w500/e52XKVTNYWcEh2pPpmJS84x3ZZR.jpg,,RECOMMENDED
608,20217905,데시벨,2022-11-16,https://image.tmdb.org/t/p/w500/t7F6s18frvtkCnciCQeIOqzz9Tu.jpg,,RECOMMENDED
14,20050256,새드무비,2005-10-20,https://image.tmdb.org/t/p/w500/2K7fO2JCb0n87PG1E5L09qlgjAA.jpg,,RECOMMENDED
716,20257658,극장판 주술회전: 회옥·옥절,2025-05-30,https://image.tmdb.org/t/p/w500/3aKvAaZ4V9QKiqBFUVwyfXdATNU.jpg,,RECOMMENDED
223,20110613,의뢰인,2011-09-29,https://image.tmdb.org/t/p/w500/YQ5WrklhsUwh8YBoK3Q3IQQs2f.jpg,,RECOMMENDED
736,TMDB-30843,서양골동양과자점 앤티크,2008-11-13,https://image.tmdb.org/t/p/w500/7qDdIZbuplDPNI0rLZaoY3xYlx3.jpg,,RECOMMENDED
264,20122523,니코: 산타비행단의 모험,2012-10-12,https://image.tmdb.org/t/p/w500/AfrIpUomyAIqLSwkSQAIaaQxQ6F.jpg,,RECOMMENDED
560,20201002,조제,2020-12-10,https://image.tmdb.org/t/p/w500/vZrFO6NvjOAGofKNn4S5bAC2eR5.jpg,,RECOMMENDED
527,20196284,윤희에게,2019-11-14,https://image.tmdb.org/t/p/w500/fh8gZVe1gxrCfe8AI9eXrloiykJ.jpg,,RECOMMENDED
83,20070466,세븐 데이즈,2007-11-14,https://image.tmdb.org/t/p/w500/21EN8reaMiQctJeRDQ5QPoyx39c.jpg,,RECOMMENDED
378,20153741,미씽: 사라진 여자,2016-11-30,https://image.tmdb.org/t/p/w500/sfBmGPD4oCEiOe1UPBjjrd45Kng.jpg,,RECOMMENDED
464,20177538,완벽한 타인,2018-10-31,https://image.tmdb.org/t/p/w500/9lhxidWwP7iIyw1Zax9gUtdFZXT.jpg,,RECOMMENDED
628,20227762,올빼미,2022-11-23,https://image.tmdb.org/t/p/w500/i1pkFRi96SsIqat5vIoFHCwysv1.jpg,,RECOMMENDED
615,20224598,동감,2022-11-16,https://image.tmdb.org/t/p/w500/f1i6kynpQDXcXxyZU5fpG9AwbKz.jpg,,RECOMMENDED
647,20232949,대도시의 사랑법,2024-10-01,https://image.tmdb.org/t/p/w500/vn2qtaU5x4x6R54hFweigLE8C4M.jpg,,RECOMMENDED
240,20112695,완득이,2011-10-20,https://image.tmdb.org/t/p/w500/f9ycej2SvjdAgIrVCi5u4JudnhP.jpg,,RECOMMENDED
64,20060353,해바라기,2006-11-23,https://image.tmdb.org/t/p/w500/nMdHmxfRSzkMeAd6dUtHScMRDi6.jpg,,RECOMMENDED
373,20152371,"당신, 거기 있어줄래요",2016-12-14,https://image.tmdb.org/t/p/w500/dDiYHHdvZ8kvKdLf5HDJ9z2WxZu.jpg,,RECOMMENDED
39,20050330,작업의 정석,2005-12-21,https://image.tmdb.org/t/p/w500/6Uh7FIgyzBvcM3G9m9TIMMEmmdi.jpg,,RECOMMENDED
399,20157464,더 폰,2015-10-22,https://image.tmdb.org/t/p/w500/vmk6jN98rr1TcHubmR2ZefMI7bt.jpg,,RECOMMENDED
116,20080890,순정만화,2008-11-27,https://image.tmdb.org/t/p/w500/xjMcouzckFIVjkXJ18UjaBtBmzs.jpg,,RECOMMENDED
738,TMDB-42324,조폭 마누라 3,2006-12-28,https://image.tmdb.org/t/p/w500/ugGFnkcjqzwwtQiTkCHuehBkplG.jpg,,RECOMMENDED
435,20169643,침묵,2017-11-02,https://image.tmdb.org/t/p/w500/7texhbdhp24CvyV1ZnQR45UfaGY.jpg,,RECOMMENDED
489,20183479,극장판 짱구는 못말려: 아뵤! 쿵후 보이즈 ~라면 대란~,2018-04-13,https://image.tmdb.org/t/p/w500/fPc793wngYwFk1pziUNAoCCBmMU.jpg,,RECOMMENDED
38,20050326,태풍,2005-12-14,https://image.tmdb.org/t/p/w500/mQwFlSJgBRIcbu8StqnBlPWdaPx.jpg,,RECOMMENDED
294,20129606,공범,2013-10-24,https://image.tmdb.org/t/p/w500/sJY1RaDrZIOSFpAIPGF5X3cmODU.jpg,,RECOMMENDED
510,20190815,보이스,2021-09-15,https://image.tmdb.org/t/p/w500/wz10NxjPm7tVl5M3WO0mm3mucHH.jpg,,RECOMMENDED
542,20198429,자백,2022-10-26,https://image.tmdb.org/t/p/w500/9gaN2j0yWeS7Te9Wjia7Pw3EBq1.jpg,,RECOMMENDED
303,20134144,화이트 고릴라,2011-12-23,https://image.tmdb.org/t/p/w500/l8tJg3cglgFGeJ2RHAiG8mQcD2s.jpg,,RECOMMENDED
309,20134590,빅매치,2014-11-26,https://image.tmdb.org/t/p/w500/uxqF36Tbt6xLVRMUkYg0EXhPMVX.jpg,,RECOMMENDED
310,20134801,더 파이브,2013-11-14,https://image.tmdb.org/t/p/w500/p4FZKjzXJ9oWHBtfKFGRA05FNyX.jpg,,RECOMMENDED
325,20138223,노브레싱,2013-10-31,https://image.tmdb.org/t/p/w500/ArzefTrW3Dly9lqBbaWTodv3OWS.jpg,,RECOMMENDED
245,20112762,티끌모아 로맨스,2011-11-10,https://image.tmdb.org/t/p/w500/kHD3wMql5MQkJZYyN8i2e0iiNBa.jpg,,RECOMMENDED
419,20162629,하이큐!! 끝과 시작,2015-07-03,https://image.tmdb.org/t/p/w500/rWq0l9foXejIjijNCNcx7wXruYh.jpg,,RECOMMENDED
525,20195920,가장 보통의 연애,2019-10-02,https://image.tmdb.org/t/p/w500/zKDGTCnTPaGyS7aILENPhDKzBkw.jpg,,RECOMMENDED
572,20205986,연애 빠진 로맨스,2021-11-24,https://image.tmdb.org/t/p/w500/wikrBdVSgIA6RE2EUlg0Ny6loyr.jpg,,RECOMMENDED
674,20236146,신차원! 짱구는 못말려 더 무비 초능력 대결전 ~날아라 수제김밥~,2023-08-04,https://image.tmdb.org/t/p/w500/39nnJB6453mDocXqy2RGc2zZ3wY.jpg,,RECOMMENDED
690,20246201,니코: 오로라 원정대의 모험,2024-10-07,https://image.tmdb.org/t/p/w500/h5u248KrByF96EF2F0epwwCYfqs.jpg,,RECOMMENDED
664,20235261,극장판 파워 디지몬 더 비기닝,2023-04-01,https://image.tmdb.org/t/p/w500/3KkwgcCMfpADx1Ya4Hcwt1OHRv3.jpg,,RECOMMENDED
1934,TMDB-1137179,야당,2025-04-16,https://image.tmdb.org/t/p/w500/k4yTwFqvQDApqaoFdgubsbYcuno.jpg,,RECOMMENDED
33,20050318,6월의 일기,2005-12-01,https://image.tmdb.org/t/p/w500/tMqmbVASgigw18hbuEiDk9QZogS.jpg,,RECOMMENDED
635,20228313,"오늘 밤, 세계에서 이 사랑이 사라진다 해도",2022-07-29,https://image.tmdb.org/t/p/w500/5NJmR3IA7Rk3inlA4AeQy5ZC5cA.jpg,,RECOMMENDED
403,20160472,두 남자,2016-11-30,https://image.tmdb.org/t/p/w500/sznoBefDamUvZIABMUZCHvsPWJ1.jpg,,RECOMMENDED
359,20147930,나의 사랑 나의 신부,2014-10-08,https://image.tmdb.org/t/p/w500/pgP4bzPtRUCACT2MndYpYe6DD9R.jpg,,RECOMMENDED
530,20197121,삼진그룹 영어토익반,2020-10-21,https://image.tmdb.org/t/p/w500/axdXIoZkjTDhdsE08Z2xIb9eWjp.jpg,,RECOMMENDED
133,20081611,미인도,2008-11-13,https://image.tmdb.org/t/p/w500/szqTmxUrdf8WKOxjhoIGv2f2lcI.jpg,,RECOMMENDED
48,20060292,거룩한 계보,2006-10-19,https://image.tmdb.org/t/p/w500/gxshb0RDvgYNNtZQrhA2vrt9EWX.jpg,,RECOMMENDED
331,20139981,캐치미,2013-12-18,https://image.tmdb.org/t/p/w500/vpuDlbSSSP3CG4GSvE7PlEak2n9.jpg,,RECOMMENDED
654,20234293,이빨요정 비올레타: 요정나라로 돌아갈래!,2022-10-13,https://image.tmdb.org/t/p/w500/cmp9IwJi4YyhTrrt5zaMgyEqIz9.jpg,,RECOMMENDED
516,20192193,도굴,2020-11-04,https://image.tmdb.org/t/p/w500/sVOZNc9OibkzhdFLLMnoFpd1GVu.jpg,,RECOMMENDED
400,20157465,그놈이다,2015-10-28,https://image.tmdb.org/t/p/w500/wtjulNuSQ7UyoDtF1T3ZpA9jt13.jpg,,RECOMMENDED
483,20182966,투 프렌즈,2018-05-31,https://image.tmdb.org/t/p/w500/lWnsGYgpiOziA7FMPyD9gAIJ5NA.jpg,,RECOMMENDED
689,20245977,극장판 짱구는 못말려: 우리들의 공룡일기,2024-08-09,https://image.tmdb.org/t/p/w500/sxwOUajjGzkPYrrXy2sdMEfeZpE.jpg,,RECOMMENDED
606,20215315,스위치,2023-01-04,https://image.tmdb.org/t/p/w500/iXU73sYT5FNylGPYajrdJbfISNN.jpg,,RECOMMENDED
156,20090311,시크릿,2009-12-03,https://image.tmdb.org/t/p/w500/neay8rKCSJdjlp4Sio0fwVmjeb2.jpg,,RECOMMENDED
41,20050332,파랑주의보,2005-12-22,https://image.tmdb.org/t/p/w500/xXEiriyobpjWQcQuOL6mDBBJ3V6.jpg,,RECOMMENDED
10,20050239,너는 내 운명,2005-09-23,https://image.tmdb.org/t/p/w500/b172pdqkGFx68KFfLj2A0eukFGa.jpg,,RECOMMENDED
89,20070501,히어로,2007-09-08,https://image.tmdb.org/t/p/w500/wiQY9piA0LCHo80zLy58A2WSZWH.jpg,,RECOMMENDED
420,20162928,카페 6,2016-07-14,https://image.tmdb.org/t/p/w500/wVjXHqZWNGPfuXpvGgppfVCWngF.jpg,,RECOMMENDED
476,20181434,신의 한 수: 귀수편,2019-11-07,https://image.tmdb.org/t/p/w500/205K07RJ2e7cscv794tGPRTU8uR.jpg,,RECOMMENDED
31,20050306,애인,2005-12-08,https://image.tmdb.org/t/p/w500/b7SAyFvG1hCnCdA3FbVeJFPlWfQ.jpg,,RECOMMENDED
275,20124348,돈 크라이 마미,2012-11-22,https://image.tmdb.org/t/p/w500/aGP96wp9rzJKVAfFfxOJ1T2xNf.jpg,,RECOMMENDED
524,20195002,블랙머니,2019-11-13,https://image.tmdb.org/t/p/w500/3G0ebGwNXfckvAxxEmBOlLmVSOL.jpg,,RECOMMENDED
621,20226777,극장판 짱구는 못말려: 수수께끼! 꽃피는 천하떡잎학교,2021-04-23,https://image.tmdb.org/t/p/w500/sqAm04lTqq5ZBWENlpV25ITAiVw.jpg,,RECOMMENDED
500,20188441,킹메이커,2022-01-26,https://image.tmdb.org/t/p/w500/7Hn6Svl2ncOOY8bjOdsjnNmHYtf.jpg,,RECOMMENDED
277,20124402,열한시,2013-11-28,https://image.tmdb.org/t/p/w500/phMFeNZphmq3PoQklgwuuAlkuAE.jpg,,RECOMMENDED
265,20122786,응징자,2013-10-30,https://image.tmdb.org/t/p/w500/23E9Vc8CMOh1NTPLoN49UyIH3WP.jpg,,RECOMMENDED
188,20101007,나탈리,2010-10-28,https://image.tmdb.org/t/p/w500/anawMl8fQiPz1FV3pScIGjvvWqh.jpg,,RECOMMENDED
1971,TMDB-1354700,강령: 귀신놀이,2025-08-06,https://image.tmdb.org/t/p/w500/szBqzH2qcUthCm1uDVsBAYZbExW.jpg,,RECOMMENDED
407,20161681,미옥,2017-11-09,https://image.tmdb.org/t/p/w500/hNZVUesuTFMW5gd50waxIDtyh2u.jpg,,RECOMMENDED
174,20090801,천국의 우편배달부,2009-11-11,https://image.tmdb.org/t/p/w500/phi9sOo37VMt6Aaf0hwpmEScWnH.jpg,,RECOMMENDED
507,20190353,사흘,2024-11-14,https://image.tmdb.org/t/p/w500/7ucqFL4i8FSuKpzQWtfWuHCVAT7.jpg,,RECOMMENDED
16,20050261,야수와 미녀,2005-10-27,https://image.tmdb.org/t/p/w500/3VPb44405tS0oov3pGdOkf6P911.jpg,,RECOMMENDED
571,20205106,압꾸정,2022-11-30,https://image.tmdb.org/t/p/w500/6QXfrZWYS5cPlmNsIhpofW5R3ct.jpg,,RECOMMENDED
417,20162504,감바의 대모험,2015-10-10,https://image.tmdb.org/t/p/w500/n95sNBoxDPSrXxDAtUgGoSWXfLc.jpg,,RECOMMENDED
212,20101221,쩨쩨한 로맨스,2010-12-01,https://image.tmdb.org/t/p/w500/kbtem4Zbreg0PExMcfMH37MsrOh.jpg,,RECOMMENDED
287,20127546,남영동1985,2012-11-22,https://image.tmdb.org/t/p/w500/bXFc3p9Uw2i42M2EjqEbfZ8xM7k.jpg,,RECOMMENDED
468,20179006,여곡성,2018-11-08,https://image.tmdb.org/t/p/w500/i78jKMRUVqzn8SiB9hci4H6QXvx.jpg,,RECOMMENDED
1068,20261804,폭탄,2025-10-31,https://image.tmdb.org/t/p/w500/1frHgT6vu74eJv30q1dZaVkURWk.jpg,,RECOMMENDED
112,20072520,우리 동네,2007-11-29,https://image.tmdb.org/t/p/w500/rJGUi1TPjXPY1PpVZUyXmyBALvr.jpg,,RECOMMENDED
454,20175223,래빗 스쿨,2017-03-16,https://image.tmdb.org/t/p/w500/qWL5KmWTB4htGaiBqAEQ8x4UFGI.jpg,,RECOMMENDED
567,20203286,강릉,2021-11-10,https://image.tmdb.org/t/p/w500/1MZ42GYL84wW4U9HtcKMuTOx6fD.jpg,,RECOMMENDED
80,20070435,식객,2007-10-31,https://image.tmdb.org/t/p/w500/wGpNUB0IsvrhHBALTjJzapMePfP.jpg,,RECOMMENDED
357,20147129,패션왕,2014-11-06,https://image.tmdb.org/t/p/w500/bLgWaOVZjssUSqg6Hz1h56wpLBr.jpg,,RECOMMENDED
152,20090146,펜트하우스 코끼리,2009-11-05,https://image.tmdb.org/t/p/w500/t3BNfDoCpvWPjzbZ9G7OMYmhNcg.jpg,,RECOMMENDED
166,20090667,파주,2009-10-28,https://image.tmdb.org/t/p/w500/ajLsBmfeOCTq9u8JQN7WjjOSmmq.jpg,,RECOMMENDED
670,20235980,말하고 싶은 비밀,2023-07-07,https://image.tmdb.org/t/p/w500/kDTo07PJPwuDj5A1PAEXbeiPTn3.jpg,,RECOMMENDED
147,20081729,킬 미,2009-11-05,https://image.tmdb.org/t/p/w500/fxCN13MsKICTYzNrj7WtNll6PDO.jpg,,RECOMMENDED
29,20050292,광식이 동생 광태,2005-11-23,https://image.tmdb.org/t/p/w500/7xRJ3G1PdmL5okNRozrNfwxSvfp.jpg,,RECOMMENDED
495,20184571,천문: 하늘에 묻는다,2019-12-26,https://image.tmdb.org/t/p/w500/bumXyxQv1F488Ft3LrPoKFDkiXr.jpg,,RECOMMENDED
528,20196478,영웅,2022-12-21,https://image.tmdb.org/t/p/w500/ty2BX4V4ZBAg2ApG2WMmVYKwB1t.jpg,,RECOMMENDED
648,20233057,아마존 활명수,2024-10-30,https://image.tmdb.org/t/p/w500/lldTF4hL5b4bca8PXXlvjZ8v1S3.jpg,,RECOMMENDED
72,20060373,조용한 세상,2006-12-14,https://image.tmdb.org/t/p/w500/tKoVY6jGruOC5hcyCq88jkttNzT.jpg,,RECOMMENDED
86,20070497,궁녀,2007-10-18,https://image.tmdb.org/t/p/w500/4SLkXOWtiB0oDhHVvB89gIq2YwB.jpg,,RECOMMENDED
154,20090305,백야행,2011-01-29,https://image.tmdb.org/t/p/w500/qE0acsKC0EWNovFBamVZIMC9tGs.jpg,,RECOMMENDED
202,20101113,이층의 악당,2010-11-24,https://image.tmdb.org/t/p/w500/uZqrzTYQNQ3d5A7VrLlaaActge7.jpg,,RECOMMENDED
332,20140144,도리화가,2015-11-25,https://image.tmdb.org/t/p/w500/8OsAAbiszmHJQ9Xng8EcXJyMRnx.jpg,,RECOMMENDED
392,20156360,개구리왕국,2013-12-28,https://image.tmdb.org/t/p/w500/lt5kwMOaHjeem8ZbJNOlto3b97n.jpg,,RECOMMENDED
75,20060389,오래된 정원,2007-01-04,https://image.tmdb.org/t/p/w500/jO9pWGTGiBXZc60MLjnjspnHpKN.jpg,,RECOMMENDED
552,20200142,소방관,2024-12-04,https://image.tmdb.org/t/p/w500/rizG7S7y1JkXmbYwOYSFIjyydPF.jpg,,RECOMMENDED
9,20050232,내 생애 가장 아름다운 일주일,2005-10-07,https://image.tmdb.org/t/p/w500/b7q5jOj90WDCGixEhuYtumSQmOq.jpg,,RECOMMENDED
604,20212352,1승,2024-12-04,https://image.tmdb.org/t/p/w500/5aVi1Q5Br3c5fS2n75zI9JGeOxb.jpg,,RECOMMENDED
565,20202247,싱글 인 서울,2023-11-29,https://image.tmdb.org/t/p/w500/26naUaD3na4jhGkFoT5nl734Yev.jpg,,RECOMMENDED
201,20101109,두 여자,2010-11-18,https://image.tmdb.org/t/p/w500/q8jJWhuT9yISXOY2pn1UCIr4f69.jpg,,RECOMMENDED
349,20143565,부니베어: 롤라 구출 대모험,2014-01-17,https://image.tmdb.org/t/p/w500/2w4QODvcjAqCY99mIXYKw0xnmMu.jpg,,RECOMMENDED
190,20101009,불량남녀,2010-11-04,https://image.tmdb.org/t/p/w500/l4STExiHwoQQ2ZDTe3oc981Lbrn.jpg,,RECOMMENDED
330,20139964,레드카펫,2014-10-23,https://image.tmdb.org/t/p/w500/vX57D3zcZQPUuuVjkli3GU0BX5O.jpg,,RECOMMENDED
385,20155223,목숨 건 연애,2016-12-14,https://image.tmdb.org/t/p/w500/wd2HYn9uYZPVORnjwMv0QwiFBZZ.jpg,,RECOMMENDED
317,20136061,결혼전야,2013-11-21,https://image.tmdb.org/t/p/w500/sGx6Iu1AGmUsmaj67bLBj67Jaza.jpg,,RECOMMENDED
601,20211768,신데렐라 2: 마법에 걸린 왕자,2021-12-22,https://image.tmdb.org/t/p/w500/1qeXq4iO4yDAcqThafjdBjE6SIv.jpg,,RECOMMENDED
226,20110906,특수본,2011-11-24,https://image.tmdb.org/t/p/w500/2UcFiJVjyICwBQ5ahOesRgG23d7.jpg,,RECOMMENDED
115,20080750,달콤한 거짓말,2008-12-17,https://image.tmdb.org/t/p/w500/gaJCk7OHldJs0ZFMQ3KPZLQpBFO.jpg,,RECOMMENDED
222,20110612,커플즈,2011-11-02,https://image.tmdb.org/t/p/w500/kxXsTYRrrYUwo9tcoCoL4m7k53c.jpg,,RECOMMENDED
618,20225894,뉴 노멀,2023-11-08,https://image.tmdb.org/t/p/w500/13sbA719uJ1eEsvW3zTjWe8WI6I.jpg,,RECOMMENDED
248,20112934,완벽한 파트너,2011-11-17,https://image.tmdb.org/t/p/w500/vjfjxlRNP2BH6RAFHoE8QNwXwEU.jpg,,RECOMMENDED
645,20228988,보스,2025-10-03,https://image.tmdb.org/t/p/w500/tOMd1oZxW0FR0jATgSMavI4igcS.jpg,,RECOMMENDED
157,20090329,내 사랑 내 곁에,2009-09-24,https://image.tmdb.org/t/p/w500/jZjejBfoblAbUJoiE6N8l4hlUkS.jpg,,RECOMMENDED
198,20101039,돌이킬 수 없는,2010-11-04,https://image.tmdb.org/t/p/w500/bDCyfQUrCcGiM4bu4CZTRcCYf4p.jpg,,RECOMMENDED
559,20200936,리플레이,2018-01-26,https://image.tmdb.org/t/p/w500/7gIVjaA8TOlUmqmgYeEQfL6YZxU.jpg,,RECOMMENDED
109,20070639,내 사랑,2007-12-18,https://image.tmdb.org/t/p/w500/ljfLO4pgXZlFeLjsJXdfi6ArcNc.jpg,,RECOMMENDED
105,20070610,싸움,2007-12-12,https://image.tmdb.org/t/p/w500/r1IorOrE16QE7GA5IFShD81VTDx.jpg,,RECOMMENDED
90,20070504,스카우트,2007-11-14,https://image.tmdb.org/t/p/w500/oJz5S8HNMaqMOr2Y7U6OvTqHspP.jpg,,RECOMMENDED
145,20081718,로맨틱 아일랜드,2008-12-24,https://image.tmdb.org/t/p/w500/AjqujOJ2LZhXlXOSJcrcGcvAQH1.jpg,,RECOMMENDED
632,20228297,유포자들,2022-11-23,https://image.tmdb.org/t/p/w500/yc3O913QYEz87eeKqOyrlLc31vD.jpg,,RECOMMENDED
702,20253852,퍼스트 라이드,2025-10-29,https://image.tmdb.org/t/p/w500/quzQxlecSoUeHs1W2D2g0FJnYCP.jpg,,RECOMMENDED
176,20090815,홍길동의 후예,2009-11-26,https://image.tmdb.org/t/p/w500/kJTVDzTOOURt9Eik9y7S2K3Z1rM.jpg,,RECOMMENDED
693,20247017,대가족,2024-12-11,https://image.tmdb.org/t/p/w500/9PNcTHx1TiESlzqmgjHKgpy2ARP.jpg,,RECOMMENDED
193,20101012,페스티발,2010-11-18,https://image.tmdb.org/t/p/w500/rbvu7sMKUrQsXdgRWDSeZl6FKIR.jpg,,RECOMMENDED
698,20249326,윗집 사람들,2025-12-03,https://image.tmdb.org/t/p/w500/mgajoux4Aol4i042vWiy24gyTyc.jpg,,RECOMMENDED
718,20258385,꼬마돼지 베이브와 타피티,2025-09-04,https://image.tmdb.org/t/p/w500/v2OBPcEpss6AJNoZqWZkWGAEEB9.jpg,,RECOMMENDED
751,TMDB-155277,음치클리닉,2012-11-29,https://image.tmdb.org/t/p/w500/kGNpmJD7Hap2zzSXltrG2pL2n8T.jpg,,RECOMMENDED
23,20050283,"소년, 천국에 가다",2005-11-11,https://image.tmdb.org/t/p/w500/6uQs8BQ5z7ckWSujXbxutGjlkIp.jpg,,RECOMMENDED
172,20090724,내 눈에 콩깍지,2009-11-04,https://image.tmdb.org/t/p/w500/uwLWdVBUWKMTb7AEPqtXZHnkuR9.jpg,,RECOMMENDED
450,20174846,뽀로로 극장판 공룡섬 대모험,2017-12-07,https://image.tmdb.org/t/p/w500/thk7ZZ5W5AluK7BrlqZkHOwh6fD.jpg,,RECOMMENDED
59,20060339,사랑할 때 이야기하는 것들,2006-11-29,https://image.tmdb.org/t/p/w500/ayBRzpSxaoB3ARZ2XBMDUbXhk4D.jpg,,RECOMMENDED
537,20198182,아내를 죽였다,2019-12-11,https://image.tmdb.org/t/p/w500/uZXx3qU2X4Qpa8LYqUOtpH0rD9B.jpg,,RECOMMENDED
425,20163903,리틀메딕: 몸속탐험대,2014-10-30,https://image.tmdb.org/t/p/w500/hGqDfS8DSkXreWDdp3UNdM1UbjD.jpg,,RECOMMENDED
762,TMDB-752885,극장판 바다 탐험대 옥토넛: 대산호초 보호작전,2020-11-12,https://image.tmdb.org/t/p/w500/lySPdyRyz4hfgNEKxFPNsgWiOci.jpg,,RECOMMENDED
587,20210364,탄생,2022-11-30,https://image.tmdb.org/t/p/w500/hpxeGXdaXKqRdyZOjo1GhVEAtRp.jpg,,RECOMMENDED
491,20183772,태일이,2021-12-01,https://image.tmdb.org/t/p/w500/iMqUZVnYo56jsbVtr0W01zCd44Q.jpg,,RECOMMENDED
701,20253340,구원자,2025-11-05,https://image.tmdb.org/t/p/w500/lecN6gtnIGzEd1G5M9UgrOR19RJ.jpg,,RECOMMENDED
493,20184341,얼굴없는 보스,2019-11-21,https://image.tmdb.org/t/p/w500/2rW0sgfExI63A3CEXMZ1hXlmyxC.jpg,,RECOMMENDED
671,20235994,원정빌라,2024-12-04,https://image.tmdb.org/t/p/w500/pr38YCSkYkGaQWddWZhGwF1SsKh.jpg,,RECOMMENDED
763,TMDB-898230,눈의 여왕 5: 스노우 프린세스와 미러랜드의 비밀,2022-12-22,https://image.tmdb.org/t/p/w500/AgiyJYELLCTQClqDBDEpAUpuPYI.jpg,,RECOMMENDED
351,20143639,뽀로로 극장판 눈요정 마을 대모험,2014-07-01,https://image.tmdb.org/t/p/w500/1uG1Dhmt5vhhiujSSs4FSRtsexC.jpg,,RECOMMENDED
463,20177479,극장판 프리파라 모두의 동경♪ 렛츠고☆프리파리,2016-03-16,https://image.tmdb.org/t/p/w500/zuLQjwJNKSKT7k5yYZw13LXwv3.jpg,,RECOMMENDED
634,20228309,핑크퐁 시네마 콘서트 2: 원더스타 콘서트 대작전,2022-12-21,https://image.tmdb.org/t/p/w500/11jSfUZxTwLN1tNZXyXeLmgWVbq.jpg,,RECOMMENDED
724,20259618,콘크리트 마켓,2025-12-03,https://image.tmdb.org/t/p/w500/zptqwi1iObqjq9vbiozbu9iMUQp.jpg,,RECOMMENDED
553,20200200,추억의 검정고무신,2020-11-19,https://image.tmdb.org/t/p/w500/8NOqkiVY8XiYqkJGpLA4GEGF0ED.jpg,,RECOMMENDED
536,20197853,잔칫날,2020-12-09,https://image.tmdb.org/t/p/w500/uA07OIU99drJrmO5iWMoUaCuTEu.jpg,,RECOMMENDED
721,20258808,뽀로로 극장판 스위트캐슬 대모험,2025-12-11,https://image.tmdb.org/t/p/w500/38VavZHCg9Sf7hl0H7n0iakYoxf.jpg,,RECOMMENDED
633,20228308,극장판 뽀로로와 친구들: 바이러스를 없애줘!,2022-12-01,https://image.tmdb.org/t/p/w500/rg91D8QuL3TXGlkvCPcby58QLeZ.jpg,,RECOMMENDED
410,20161796,극장판 파워레인저: 닌자포스 VS 트레인포스 닌자 인 원더랜드,2016-01-23,https://image.tmdb.org/t/p/w500/8BK0Ilgb9LFrSTb6mk2uVkebbMS.jpg,,RECOMMENDED
681,20243405,나혼자 프린스,2025-10-03,https://image.tmdb.org/t/p/w500/eGq4p8gw8QIC4z3j9u6mv0IycCF.jpg,,RECOMMENDED
686,20245121,데드라인,2024-11-06,https://image.tmdb.org/t/p/w500/8f0mmAp1jlDmMfC3HM8k7MfnOlv.jpg,,RECOMMENDED
758,TMDB-561219,런닝맨: 풀룰루의 역습,2018-12-06,https://image.tmdb.org/t/p/w500/8RNtZFa1qCA1dHbCKKxRDFU8wd5.jpg,,RECOMMENDED
713,20256757,극장판 체인소 맨: 레제편,2025-09-24,https://www.kobis.or.kr/common/mast/movie/2025/10/8279675e83074e7b913797004d505908.jpg,,RECOMMENDED
286,20126469,브레이킹 던 part2,2012-11-15,https://www.kobis.or.kr/common/mast/movie/2012/12/b6dd217357494ef98b11dc762c9d504d.jpg,,RECOMMENDED
379,20154141,스타워즈: 깨어난 포스,2015-12-17,https://www.kobis.or.kr/common/mast/movie/2015/12/c125421404224aff8b583346d7b94fbb.jpg,,RECOMMENDED
437,20170443,스타워즈: 라스트 제다이,2017-12-14,https://www.kobis.or.kr/common/mast/movie/2017/12/bfff2602a236461f8ea583cd89640700.jpg,,RECOMMENDED
234,20112542,틴틴 : 유니콘호의 비밀,2011-12-07,https://www.kobis.or.kr/common/mast/movie/2011/12/923f4dd19420419982393ec1f894962a.jpg,,RECOMMENDED
238,20112621,셜록홈즈 : 그림자 게임,2011-12-21,https://www.kobis.or.kr/common/mast/movie/2011/12/25f8a200dcc74543b04158cc468a9da0.jpg,,RECOMMENDED
153,20090284,코렐라인,2009-05-21,https://www.kobis.or.kr/common/mast/movie/2025/09/a76379849a3b4defa60ad627ed04a678.jpg,,RECOMMENDED
451,20174965,극장판 포켓몬스터 너로 정했다!,2017-12-21,https://www.kobis.or.kr/common/mast/movie/2017/12/8cbf2dbad8104cfdb4fc9a6b20c15189.jpg,,RECOMMENDED
266,20123161,늑대소년-확장판,2012-12-06,https://www.kobis.or.kr/common/mast/movie/2012/12/a9d649961b054177b67e9d8ea2335e19.jpg,,RECOMMENDED
657,20234673,뽀로로 극장판 슈퍼스타 대모험,2023-12-08,https://image.tmdb.org/t/p/w500/mjreCL6fyvn0sHyyiZ9Q7WNoS5z.jpg,,RECOMMENDED
640,20228640,신비아파트 극장판 차원도깨비와 7개의 세계,2022-12-14,https://image.tmdb.org/t/p/w500/6kmwf97SrbO9AspCaBT4YZ3TDiA.jpg,,RECOMMENDED
1,20010291,해리포터와 마법사의 돌,2001-12-13,https://www.kobis.or.kr/common/mast/movie/2021/09/ce93de4eeb7342a288620248e4df3327.jpg,,RECOMMENDED
182,20090860,포켓 몬스터 DP: 아르세우스 초극의 시공으로,2009-12-24,https://www.kobis.or.kr/common/mast/movie/2023/06/d2949354a8b54605b5083e07cb0a1f96.png,,RECOMMENDED
414,20162183,포켓몬 더 무비 XY&Z 「볼케니온 : 기계왕국의 비밀」,2016-12-22,https://www.kobis.or.kr/common/mast/movie/2016/12/95dd7aee9f3a48e89d42d080023c1dc1.jpg,,RECOMMENDED
551,20199981,눈의 여왕4,2019-12-24,https://www.kobis.or.kr/common/mast/movie/2019/12/55317ecf1c16491883b120203815e9a6.jpg,,RECOMMENDED
387,20155423,시카리오: 암살자의 도시,2015-12-03,https://www.kobis.or.kr/common/mast/movie/2015/11/b90cb14e2d744d6d8c26617f7ffb70cd.jpg,,RECOMMENDED
402,20157883,극장판 파워레인저 트레인포스 VS 다이노포스 THE MOVIE,2015-11-26,https://www.kobis.or.kr/common/mast/movie/2015/10/549e178b68b54d7499423d02a2145445.jpg,,RECOMMENDED
665,20235290,도티와 영원의 탑,2023-12-27,https://image.tmdb.org/t/p/w500/yLbrh6AuciSvsnHZidMT30qktZ9.jpg,,RECOMMENDED
691,20246361,뽀로로 극장판 바닷속 대모험,2025-01-01,https://image.tmdb.org/t/p/w500/nMhGav6ZfaBOt7f6CBrJjZ0EVdk.jpg,,RECOMMENDED
1140,TMDB-274,양들의 침묵,1991-02-14,https://image.tmdb.org/t/p/w500/hOr56UKAsB9waNDHhriOntCjHTJ.jpg,,TAGGED
1527,TMDB-277834,모아나,2016-10-13,https://image.tmdb.org/t/p/w500/lizPdJnczPpusX8e1vbpeFSsese.jpg,,TAGGED
2059,TMDB-49538,엑스맨: 퍼스트 클래스,2011-06-01,https://image.tmdb.org/t/p/w500/644Dl5TOvx4YZnxznNoiVEnUoDJ.jpg,,TAGGED
2012,TMDB-771,나 홀로 집에,1990-11-16,https://image.tmdb.org/t/p/w500/vqe3WPiHAgCiAHXGVHSJPDG9OgO.jpg,,TAGGED
2026,TMDB-1858,트랜스포머,2007-06-27,https://image.tmdb.org/t/p/w500/xxj02oRohOlb8jhMh7UKR7yCucb.jpg,,TAGGED
2053,TMDB-36657,엑스맨,2000-07-13,https://image.tmdb.org/t/p/w500/52WAloOg0Y55syYZLcOtm9xUL9h.jpg,,TAGGED
1511,TMDB-222935,"안녕, 헤이즐",2014-06-02,https://image.tmdb.org/t/p/w500/5MdllYBVC9qomummBQSCPWrTylZ.jpg,,TAGGED
2033,TMDB-2080,엑스맨 탄생: 울버린,2009-04-28,https://image.tmdb.org/t/p/w500/cbCRcWzu2KGUySi0nJFnfKfEP8p.jpg,,TAGGED
2079,TMDB-82992,분노의 질주: 더 맥시멈,2013-05-21,https://image.tmdb.org/t/p/w500/irurzn8D84eA0ttCq2Wr3S1s5ks.jpg,,TAGGED
2054,TMDB-36658,엑스맨  2,2003-04-27,https://image.tmdb.org/t/p/w500/bTKR1QrmQWdg2iWJIkwnFwrCHQD.jpg,,TAGGED
2042,TMDB-9799,분노의 질주,2001-06-22,https://image.tmdb.org/t/p/w500/l4rUaS2Vh1YnkmjJzL595zVH6RU.jpg,,TAGGED
2055,TMDB-36668,엑스맨: 최후의 전쟁,2006-05-24,https://image.tmdb.org/t/p/w500/xyjp5pnhz5QszUc4QdmU1VHfx8g.jpg,,TAGGED
2077,TMDB-76170,더 울버린,2013-07-21,https://image.tmdb.org/t/p/w500/x7YdmnuBTUVq9h17YF7AP5hn3Vt.jpg,,TAGGED
1440,TMDB-45269,킹스 스피치,2010-11-26,https://image.tmdb.org/t/p/w500/pjoGWlSQdojGkUBtCfFTW2a3AKR.jpg,,TAGGED
1495,TMDB-152532,달라스 바이어스 클럽,2013-11-01,https://image.tmdb.org/t/p/w500/sliuBXqAcFGC0IC76r3MI8lPhX9.jpg,,TAGGED
1456,TMDB-59436,미드나잇 인 파리,2011-05-11,https://image.tmdb.org/t/p/w500/hKDpuZIeAjgc26DRIVEcyqyJpmM.jpg,,TAGGED
1561,TMDB-334543,라이언,2016-11-24,https://image.tmdb.org/t/p/w500/ue1KPcUK1sLsdBVZGM33ZDvDbCx.jpg,,TAGGED
1372,TMDB-12477,반딧불의 묘,1988-04-16,https://image.tmdb.org/t/p/w500/uN0x0G4uuRjFJIFN57iYihBV2Qh.jpg,,TAGGED
1468,TMDB-83666,문라이즈 킹덤,2012-05-16,https://image.tmdb.org/t/p/w500/z3TPSCsSfj5fDn3WvD2GKOsyLve.jpg,,TAGGED
1634,TMDB-449176,"러브, 사이먼",2018-02-16,https://image.tmdb.org/t/p/w500/5Gf4bV9MqB0INHSLlVvVOQ4nAzM.jpg,,TAGGED
960,20191183,제미니 맨,2019-10-02,https://image.tmdb.org/t/p/w500/8QF4VoXyrRGDvo172nhcFKZvwKr.jpg,,TAGGED
1329,TMDB-9377,페리스의 해방,1986-06-11,https://image.tmdb.org/t/p/w500/3JxxljEbEkPZNDS45UygT5mEJzH.jpg,,TAGGED
1613,TMDB-424139,할로윈,2018-10-18,https://image.tmdb.org/t/p/w500/wnJeyVsUbhnen4hZbYoJdjJHK2c.jpg,,TAGGED
1186,TMDB-583,라이프 오브 브라이언,1979-08-17,https://image.tmdb.org/t/p/w500/lSSA64WF0M0BXnjwr2quMh6shCl.jpg,,TAGGED
1577,TMDB-381341,퍼펙트 스트레인저,2016-02-11,https://image.tmdb.org/t/p/w500/sm9yF75C2S3YDTGqFruJHYXhG8P.jpg,,TAGGED
1132,TMDB-213,북북서로 진로를 돌려라,1959-08-06,https://image.tmdb.org/t/p/w500/qwWl4KArRundBKkmJoy05sNlrxs.jpg,,TAGGED
1231,TMDB-805,악마의 씨,1968-06-12,https://image.tmdb.org/t/p/w500/zagBWj89ecQKW0Ilt2gkDfDxSW2.jpg,,TAGGED
1344,TMDB-10229,워크 투 리멤버,2002-01-25,https://image.tmdb.org/t/p/w500/chQNZbEuwYZoHYxLV3eAGlcURV1.jpg,,TAGGED
1215,TMDB-703,애니 홀,1977-04-19,https://image.tmdb.org/t/p/w500/dEtjPywhDbAXYjoFfhBC4U9unU7.jpg,,TAGGED
1095,TMDB-71,빌리 엘리어트,2000-09-28,https://image.tmdb.org/t/p/w500/n7Eod4lUHrbb1xGugFbKCDOdId.jpg,,TAGGED
1283,TMDB-1955,엘리펀트 맨,1980-10-09,https://image.tmdb.org/t/p/w500/bQnsWfKx84msuplRbieAzmzAXWj.jpg,,TAGGED
1137,TMDB-239,뜨거운 것이 좋아,1959-03-19,https://image.tmdb.org/t/p/w500/kyqoOUfbLsH12POjGBFJ3rBPwsy.jpg,,TAGGED
914,20160781,쿠보와 전설의 악기,2016-08-18,https://image.tmdb.org/t/p/w500/1XzvSRkeDknQOZNHvQ0v7Yo76IE.jpg,,TAGGED
1100,TMDB-80,비포 선셋,2004-06-16,https://image.tmdb.org/t/p/w500/2k4KFbEeknXmHbNP0qt7lp2p3Y3.jpg,,TAGGED
977,20198961,더 킹: 헨리 5세,2019-10-11,https://image.tmdb.org/t/p/w500/8Zqh8LSRzsiGx8qkYJQm9U8Ul04.jpg,,TAGGED
1295,TMDB-3175,배리 린든,1975-12-18,https://image.tmdb.org/t/p/w500/A0byHUHMwZ7dtBQtfZ44QIgDbjo.jpg,,TAGGED
1677,TMDB-503314,드래곤볼 슈퍼: 브로리,2018-12-14,https://image.tmdb.org/t/p/w500/mPnI58Q9lRfhFi1AyjOIL7Ke0cU.jpg,,TAGGED
1087,TMDB-19,메트로폴리스,1927-01-10,https://image.tmdb.org/t/p/w500/vODOVn29fr0nLF9MVfpfKDcxuXF.jpg,,TAGGED
1271,TMDB-1580,로프,1948-02-01,https://image.tmdb.org/t/p/w500/9ar6rxLDB8kagAnXZKn6h9smscr.jpg,,TAGGED
958,20189123,곰돌이 푸 다시 만나 행복해,2018-08-01,https://image.tmdb.org/t/p/w500/aRgqTDrxZtq1YkZx5OUlZiqL3AX.jpg,,TAGGED
1174,TMDB-521,다이얼 M을 돌려라,1954-05-29,https://image.tmdb.org/t/p/w500/2gDCAgl2iBQNuJuk6p2xtuS1ewg.jpg,,TAGGED
1311,TMDB-5925,대탈주,1963-07-03,https://image.tmdb.org/t/p/w500/nAFedh3lZjzoKOl1t2DhIiykz2Z.jpg,,TAGGED
1145,TMDB-284,아파트 열쇠를 빌려드립니다,1960-06-21,https://image.tmdb.org/t/p/w500/TIwJe8jQ4uhExbxesjxQzNxqY3.jpg,,TAGGED
980,20202684,언힌지드,2020-07-16,https://image.tmdb.org/t/p/w500/4KEcf0Vwyk7Y1YcUtrZ3maYRn4H.jpg,,TAGGED
1479,TMDB-110420,늑대아이,2012-07-21,https://image.tmdb.org/t/p/w500/2mF1IKMeB9JGstJqismy5AoamrV.jpg,,TAGGED
1247,TMDB-901,시티 라이트,1931-02-06,https://image.tmdb.org/t/p/w500/7oI6KKZDxEuxhIm5m9VpOF2Yi9N.jpg,,TAGGED
1275,TMDB-1646,프리 라이터스 다이어리,2007-01-05,https://image.tmdb.org/t/p/w500/81AdeUQT99N0xPg3j6RVh0YGOTk.jpg,,TAGGED
1122,TMDB-147,400번의 구타,1959-06-03,https://image.tmdb.org/t/p/w500/dhr6UkJugFMTvr1p51l0iHlo9lf.jpg,,TAGGED
1428,TMDB-37797,귀를 기울이면,1995-07-15,https://image.tmdb.org/t/p/w500/kssrs4tPYXmfciITAQGLfh9lyJX.jpg,,TAGGED
1167,TMDB-439,달콤한 인생,1960-02-05,https://image.tmdb.org/t/p/w500/skFeWHHBwbQNfXep9OEdrQPJKoS.jpg,,TAGGED
1493,TMDB-149871,가구야공주 이야기,2013-11-23,https://image.tmdb.org/t/p/w500/zcm38w01bnAdRVptcOCuEuRoc3B.jpg,,TAGGED
1514,TMDB-242828,추억의 마니,2014-07-19,https://image.tmdb.org/t/p/w500/wwGfpFhMqFSiQAWdPX80X1uOf3s.jpg,,TAGGED
1302,TMDB-4550,친절한 금자씨,2005-07-29,https://image.tmdb.org/t/p/w500/iInNT2yeNA8joH1RSSebUEfLC1x.jpg,,TAGGED
1361,TMDB-11645,란,1985-06-01,https://image.tmdb.org/t/p/w500/i6Y66eFjGE2HBS0509rum76xNwd.jpg,,TAGGED
1490,TMDB-140420,페이퍼맨,2012-11-02,https://image.tmdb.org/t/p/w500/9tvF744hwTm2Bn9hkDjMfEsysKz.jpg,,TAGGED
1134,TMDB-234,칼리가리 박사의 밀실,1920-02-27,https://image.tmdb.org/t/p/w500/bktNGUv8x54gMlgiTp6qUOHzVh5.jpg,,TAGGED
1596,TMDB-399106,파이퍼,2016-06-16,https://image.tmdb.org/t/p/w500/m73Z8wm9H4UOa0NFTe67cNjnj32.jpg,,TAGGED
93,20070522,라 비 앙 로즈,2007-02-14,https://image.tmdb.org/t/p/w500/iPhDNKwTX7LPECxfLUcW5Kf3kkK.jpg,,TAGGED
1306,TMDB-4689,복수는 나의 것,2002-03-29,https://image.tmdb.org/t/p/w500/zrz5mJuXIhYGHBQndduUoT2JHvm.jpg,,TAGGED
1697,TMDB-522924,레이싱 인 더 레인,2019-08-08,https://image.tmdb.org/t/p/w500/rFKqqy4YIXq1hasaCEqk5p4Lywh.jpg,,TAGGED
916,20161165,무한대를 본 남자,2016-04-08,https://image.tmdb.org/t/p/w500/72QamOo0tiX5OOSF00RCFqjynXB.jpg,,TAGGED
1770,TMDB-618344,저스티스 리그 다크: 아포콜립스 워,2020-05-05,https://image.tmdb.org/t/p/w500/c01Y4suApJ1Wic2xLmaq1QYcfoZ.jpg,,TAGGED
1377,TMDB-13855,추격자,2008-02-14,https://image.tmdb.org/t/p/w500/3Y5COpcDL8I9u4GdUl0HskNO8zI.jpg,,TAGGED
1376,TMDB-13398,크리스마스에 기적을 만날 확률,2003-12-05,https://image.tmdb.org/t/p/w500/nR5NbQewfdPwy5mLNkrYfmUkI1b.jpg,,TAGGED
